{"stats":{"minecraft:picked_up":{"minecraft:birch_planks":1},"minecraft:used":{"minecraft:birch_planks":5},"minecraft:mined":{"minecraft:birch_planks":1},"minecraft:killed_by":{"minecraft:zombie":6},"minecraft:custom":{"minecraft:jump":31,"minecraft:sprint_one_cm":1279,"minecraft:time_since_rest":845,"minecraft:damage_dealt":81,"minecraft:damage_absorbed":385,"minecraft:crouch_one_cm":523,"minecraft:damage_taken":1125,"minecraft:leave_game":3,"minecraft:play_time":10470,"minecraft:time_since_death":815,"minecraft:walk_one_cm":10222,"minecraft:deaths":8,"minecraft:sneak_time":409,"minecraft:total_world_time":10470,"minecraft:climb_one_cm":116,"minecraft:fall_one_cm":799,"minecraft:fly_one_cm":25775}},"DataVersion":2975}